{"mean": [70.40901600000001, 3052.0924, 42.404256, 92.5461, 54.92864, 34.98378], "std": [40.883529025167874, 1587.5284605518855, 29.363038054780095, 7.17697267585714, 25.939446866700916, 8.68623548561746], "classes": ["AGGRESSIVE", "NORMAL", "SLOW"]}